t,mean,max
1,1,1
50,0.992566,1
100,0.98901,1
150,0.980818,1
200,0.97809,1
250,0.966572,1
300,0.958628,1
350,0.954592,1
400,0.943447,1
450,0.93697,1
500,0.932296,1
550,0.922217,1
600,0.914667,1
650,0.912018,1
700,0.902077,1
750,0.892512,1
800,0.889765,1
850,0.879827,1
900,0.873115,1
950,0.872527,1
1000,0.863987,1
1050,0.853046,1
1100,0.846394,1
1150,0.842381,1
1200,0.836971,1
1250,0.832348,1
1300,0.830333,1
1350,0.82238,1
1400,0.813408,1
1450,0.814152,1
1500,0.804802,1
1550,0.792433,1
1600,0.791048,1
1650,0.790762,1
1700,0.778086,1
1750,0.772498,1
1800,0.770646,1
1850,0.760536,1
1900,0.748893,1
1950,0.748358,1
2000,0.738523,1
2050,0.726589,1
2100,0.724532,1
2150,0.71849,1
2200,0.707724,1
2250,0.700739,1
2300,0.698769,1
2350,0.690866,1
2400,0.678667,1
2450,0.681019,1
2500,0.676902,1
2550,0.671627,1
2600,0.668082,1
2650,0.674006,1
2700,0.673423,1
2750,0.673862,1
2800,0.681346,1
2850,0.677537,1
2900,0.670455,1
2950,0.675116,1
3000,0.678148,1
3050,0.673362,1
3100,0.672894,1
3150,0.675256,1
3200,0.679062,1
3250,0.673334,1
3300,0.66084,1
3350,0.65454,1
3400,0.660804,1
3450,0.665375,1
3500,0.659595,1
3550,0.666141,1
3600,0.667839,1
3650,0.663446,1
3700,0.649601,1
3750,0.641839,1
3800,0.641963,1
3850,0.646526,1
3900,0.638496,1
3950,0.630989,1
4000,0.629591,1
4050,0.632909,1
4100,0.621647,1
4150,0.614941,1
4200,0.621219,1
4250,0.619338,1
4300,0.607076,1
4350,0.607915,1
4400,0.611572,1
4450,0.608977,1
4500,0.599314,1
4550,0.594472,1
4600,0.596256,1
4650,0.593712,1
4700,0.588235,1
4750,0.588406,1
4800,0.595361,1
4850,0.598395,1
4900,0.588599,1
4950,0.587046,1
5000,0.590593,1
5050,0.588333,1
5100,0.578941,1
5150,0.576543,1
5200,0.57638,1
5250,0.576102,1
5300,0.565881,1
5350,0.562996,1
5400,0.56616,1
5450,0.56759,1
5500,0.564952,1
5550,0.561738,1
5600,0.570402,1
5650,0.568742,1
5700,0.56213,1
5750,0.560396,1
5800,0.557813,1
5850,0.56307,1
5900,0.558425,1
5950,0.547455,1
6000,0.546107,1
6050,0.555271,1
6100,0.554937,1
6150,0.54179,1
6200,0.542768,1
6250,0.552,1
6300,0.552995,1
6350,0.544301,1
6400,0.542819,1
6450,0.54139,1
6500,0.539674,1
6550,0.532371,1
6600,0.538299,1
6650,0.545781,1
6700,0.544586,1
6750,0.53924,1
6800,0.530089,1
6850,0.536767,1
6900,0.542661,1
6950,0.544212,1
7000,0.530555,1
7050,0.53551,1
7100,0.544208,1
7150,0.546044,1
7200,0.542728,1
7250,0.539274,1
7300,0.544025,1
7350,0.54725,1
7400,0.540436,1
7450,0.534445,1
7500,0.538218,1
7550,0.538758,1
7600,0.531618,1
7650,0.548585,1
7700,0.55774,1
7750,0.551733,1
7800,0.546621,1
7850,0.548525,1
7900,0.546988,1
7950,0.544345,1
8000,0.546638,1
8050,0.543633,1
8100,0.53579,1
8150,0.539337,1
8200,0.535385,1
8250,0.533778,1
8300,0.539502,1
8350,0.536996,1
8400,0.53304,1
8450,0.534529,1
8500,0.531703,1
8550,0.527027,1
8600,0.524877,1
8650,0.526455,1
8700,0.526385,1
8750,0.523883,1
8800,0.52606,1
8850,0.52087,1
8900,0.519053,1
8950,0.521986,1
9000,0.527699,1
9050,0.53523,1
9100,0.537913,1
9150,0.539305,1
9200,0.530846,1
9250,0.539344,1
9300,0.546454,1
9350,0.542461,1
9400,0.536593,1
9450,0.53727,1
9500,0.53938,1
9550,0.537683,1
9600,0.536555,1
9650,0.546093,1
9700,0.547471,1
9750,0.539435,1
9800,0.540677,1
9850,0.550626,1
9900,0.551422,1
9950,0.543383,1
10000,0.543267,1
10050,0.539164,1
10100,0.536275,1
10150,0.544894,1
10200,0.54258,1
10250,0.538039,1
10300,0.534669,1
10350,0.536048,1
10400,0.527771,1
10450,0.520051,1
10500,0.520341,1
10550,0.531965,1
10600,0.538415,1
10650,0.533248,1
10700,0.53827,1
10750,0.5429,1
10800,0.53789,1
10850,0.533614,1
10900,0.537593,1
10950,0.540127,1
11000,0.533466,1
11050,0.522983,1
11100,0.52707,1
11150,0.539319,1
11200,0.539406,1
11250,0.532095,1
11300,0.536531,1
11350,0.539716,1
11400,0.539526,1
11450,0.530351,1
11500,0.534259,1
11550,0.534679,1
11600,0.533385,1
11650,0.524304,1
11700,0.528186,1
11750,0.536752,1
11800,0.534984,1
11850,0.534507,1
11900,0.537154,1
11950,0.539873,1
12000,0.547392,1
12050,0.546739,1
12100,0.557107,1
12150,0.561311,1
12200,0.556904,1
12250,0.544136,1
12300,0.54177,1
12350,0.541788,1
12400,0.5399,1
12450,0.530884,1
12500,0.532394,1
12550,0.533346,1
12600,0.534666,1
12650,0.529227,1
12700,0.541183,1
12750,0.545105,1
12800,0.544795,1
12850,0.544011,1
12900,0.547005,1
12950,0.547866,1
13000,0.55015,1
13050,0.543429,1
13100,0.545261,1
13150,0.55295,1
13200,0.556514,1
13250,0.560012,1
13300,0.555236,1
13350,0.556677,1
13400,0.557989,1
13450,0.546221,1
13500,0.539064,1
13550,0.541392,1
13600,0.542663,1
13650,0.535749,1
13700,0.52783,1
13750,0.529367,1
13800,0.535883,1
13850,0.526702,1
13900,0.522518,1
13950,0.528283,1
14000,0.535181,1
14050,0.537699,1
14100,0.535261,1
14150,0.536039,1
14200,0.542071,1
14250,0.544541,1
14300,0.550177,1
14350,0.545014,1
14400,0.548395,1
14450,0.549857,1
14500,0.539765,1
14550,0.537513,1
14600,0.540469,1
14650,0.544217,1
14700,0.543888,1
14750,0.536144,1
14800,0.53723,1
14850,0.543712,1
14900,0.55594,1
14950,0.55499,1
15000,0.564238,1
15050,0.575005,1
15100,0.57942,1
15150,0.583929,1
15200,0.586517,1
15250,0.58626,1
15300,0.585141,1
15350,0.585882,1
15400,0.585373,1
15450,0.583764,1
15500,0.588663,1
15550,0.589492,1
15600,0.586413,1
15650,0.59229,1
15700,0.596547,1
15750,0.59123,1
15800,0.587751,1
15850,0.589711,1
15900,0.592503,1
15950,0.595154,1
16000,0.598665,1
16050,0.59645,1
16100,0.605872,1
16150,0.612487,1
16200,0.609598,1
16250,0.601618,1
16300,0.601432,1
16350,0.603622,1
16400,0.59816,1
16450,0.594323,1
16500,0.600192,1
16550,0.594784,1
16600,0.593795,1
16650,0.596524,1
16700,0.596097,1
16750,0.592638,1
16800,0.59496,1
16850,0.596845,1
16900,0.591417,1
16950,0.589603,1
17000,0.590522,1
17050,0.589444,1
17100,0.590917,1
17150,0.593525,1
17200,0.591838,1
17250,0.594855,1
17300,0.595833,1
17350,0.602002,1
17400,0.596156,1
17450,0.587432,1
17500,0.593502,1
17550,0.59474,1
17600,0.592038,1
17650,0.589768,1
17700,0.587883,1
17750,0.588292,1
17800,0.586007,1
17850,0.592601,1
17900,0.593369,1
17950,0.582285,1
18000,0.576637,1
18050,0.578734,1
18100,0.585976,1
18150,0.587232,1
18200,0.586086,1
18250,0.590677,1
18300,0.587578,1
18350,0.576542,1
18400,0.571243,1
18450,0.571646,1
18500,0.570401,1
18550,0.565602,1
18600,0.56753,1
18650,0.569651,1
18700,0.571146,1
18750,0.56009,1
18800,0.552575,1
18850,0.555314,1
18900,0.558372,1
18950,0.550878,1
19000,0.545988,1
19050,0.546538,1
19100,0.546498,1
19150,0.538013,1
19200,0.532208,1
19250,0.53186,1
19300,0.529957,1
19350,0.521347,1
19400,0.516197,1
19450,0.517274,1
19500,0.519503,1
19550,0.512769,1
19600,0.514399,1
19650,0.516122,1
19700,0.52603,1
19750,0.521111,1
19800,0.511649,1
19850,0.513829,1
19900,0.516029,1
19950,0.512767,1
20000,0.503524,1
20050,0.502467,1
20100,0.502312,1
20150,0.4992,1
20200,0.493177,1
20250,0.497472,1
20300,0.504397,1
20350,0.501777,1
20400,0.497803,1
20450,0.498871,1
20500,0.500802,1
20550,0.500385,1
20600,0.499171,1
20650,0.499833,1
20700,0.498306,1
20750,0.49735,1
20800,0.486665,1
20850,0.479611,1
20900,0.478857,1
20950,0.478933,1
21000,0.475848,1
21050,0.470922,1
21100,0.475186,1
21150,0.477374,1
21200,0.471788,1
21250,0.46255,1
21300,0.462814,1
21350,0.46759,1
21400,0.471428,1
21450,0.462244,1
21500,0.46189,1
21550,0.464271,1
21600,0.46482,1
21650,0.452981,1
21700,0.453611,1
21750,0.463911,1
21800,0.472567,1
21850,0.465884,1
21900,0.464164,1
21950,0.46918,1
22000,0.47818,1
22050,0.467698,1
22100,0.467432,1
22150,0.481502,1
22200,0.485625,1
22250,0.482824,1
22300,0.481192,1
22350,0.487956,1
22400,0.490378,1
22450,0.491259,1
22500,0.487168,1
22550,0.483343,1
22600,0.493711,1
22650,0.505802,1
22700,0.515301,1
22750,0.524838,1
22800,0.529475,1
22850,0.526423,1
22900,0.526243,1
22950,0.524864,1
23000,0.524374,1
23050,0.525955,1
23100,0.526694,1
23150,0.520572,1
23200,0.519557,1
23250,0.527867,1
23300,0.522281,1
23350,0.519747,1
23400,0.528649,1
23450,0.533968,1
23500,0.539229,1
23550,0.543238,1
23600,0.5439,1
23650,0.542196,1
23700,0.540632,1
23750,0.538862,1
23800,0.532608,1
23850,0.536671,1
23900,0.540844,1
23950,0.533701,1
24000,0.529058,1
24050,0.528499,1
24100,0.524056,1
24150,0.521803,1
24200,0.528425,1
24250,0.524048,1
24300,0.520797,1
24350,0.520992,1
24400,0.523166,1
24450,0.518004,1
24500,0.51294,1
24550,0.517544,1
24600,0.512266,1
24650,0.506655,1
24700,0.512121,1
24750,0.516526,1
24800,0.511047,1
24850,0.511148,1
24900,0.519686,1
24950,0.520891,1
25000,0.523787,1
25050,0.534038,1
25100,0.540786,1
25150,0.534455,1
25200,0.527775,1
25250,0.528192,1
25300,0.520884,1
25350,0.514,1
25400,0.51632,1
25450,0.520589,1
25500,0.517045,1
25550,0.509629,1
25600,0.514163,1
25650,0.516455,1
25700,0.516698,1
25750,0.511117,1
25800,0.512001,1
25850,0.516499,1
25900,0.510654,1
25950,0.508201,1
26000,0.511903,1
26050,0.513068,1
26100,0.504587,1
26150,0.499522,1
26200,0.500798,1
26250,0.505274,1
26300,0.504073,1
26350,0.499634,1
26400,0.504045,1
26450,0.50686,1
26500,0.502125,1
26550,0.499594,1
26600,0.500572,1
26650,0.501393,1
26700,0.494554,1
26750,0.488865,1
26800,0.491764,1
26850,0.496922,1
26900,0.50688,1
26950,0.517076,1
27000,0.52696,1
27050,0.528708,1
27100,0.520532,1
27150,0.512451,1
27200,0.514947,1
27250,0.515473,1
27300,0.516353,1
27350,0.511168,1
27400,0.517954,1
27450,0.528241,1
27500,0.522254,1
27550,0.515933,1
27600,0.522572,1
27650,0.532315,1
27700,0.535753,1
27750,0.533531,1
27800,0.532446,1
27850,0.538864,1
27900,0.535143,1
27950,0.524046,1
28000,0.532268,1
28050,0.535665,1
28100,0.536526,1
28150,0.531933,1
28200,0.533182,1
28250,0.540336,1
28300,0.543963,1
28350,0.532657,1
28400,0.52918,1
28450,0.530829,1
28500,0.539348,1
28550,0.540037,1
28600,0.539568,1
28650,0.545544,1
28700,0.546487,1
28750,0.541029,1
28800,0.540609,1
28850,0.555059,1
28900,0.565665,1
28950,0.567859,1
29000,0.558588,1
29050,0.55577,1
29100,0.556704,1
29150,0.55617,1
29200,0.553862,1
29250,0.561257,1
29300,0.564267,1
29350,0.563395,1
29400,0.557797,1
29450,0.563433,1
29500,0.572032,1
29550,0.57026,1
29600,0.570638,1
29650,0.566261,1
29700,0.564788,1
29750,0.56413,1
29800,0.565274,1
29850,0.561407,1
29900,0.561023,1
29950,0.571385,1
30000,0.580089,1
30050,0.576122,1
30100,0.573957,1
30150,0.57808,1
30200,0.575366,1
30250,0.572827,1
30300,0.575295,1
30350,0.572544,1
30400,0.570092,1
30450,0.571296,1
30500,0.571611,1
30550,0.566385,1
30600,0.575358,1
30650,0.578978,1
30700,0.574269,1
30750,0.574131,1
30800,0.577575,1
30850,0.578004,1
30900,0.577695,1
30950,0.584501,1
31000,0.584118,1
31050,0.588054,1
31100,0.594939,1
31150,0.595759,1
31200,0.589392,1
31250,0.587826,1
31300,0.58492,1
31350,0.580098,1
31400,0.581458,1
31450,0.585905,1
31500,0.583772,1
31550,0.586365,1
31600,0.591316,1
31650,0.58898,1
31700,0.596693,1
31750,0.604133,1
31800,0.597808,1
31850,0.592396,1
31900,0.591083,1
31950,0.598334,1
32000,0.594314,1
32050,0.587852,1
32100,0.591268,1
32150,0.586431,1
32200,0.57997,1
32250,0.577347,1
32300,0.572974,1
32350,0.566064,1
32400,0.56024,1
32450,0.562906,1
32500,0.557729,1
32550,0.549156,1
32600,0.549932,1
32650,0.546986,1
32700,0.541366,1
32750,0.53955,1
32800,0.546544,1
32850,0.544244,1
32900,0.542385,1
32950,0.543968,1
33000,0.542112,1
33050,0.53804,1
33100,0.53938,1
33150,0.541478,1
33200,0.545427,1
33250,0.54603,1
33300,0.541221,1
33350,0.542067,1
33400,0.541633,1
33450,0.536963,1
33500,0.545201,1
33550,0.547867,1
33600,0.552179,1
33650,0.550659,1
33700,0.550059,1
33750,0.553301,1
33800,0.548064,1
33850,0.555997,1
33900,0.569372,1
33950,0.574989,1
34000,0.573771,1
34050,0.562171,1
34100,0.574522,1
34150,0.580887,1
34200,0.580759,1
34250,0.572318,1
34300,0.573089,1
34350,0.576139,1
34400,0.57504,1
34450,0.569545,1
34500,0.57059,1
34550,0.577158,1
34600,0.577134,1
34650,0.572761,1
34700,0.58084,1
34750,0.587657,1
34800,0.583819,1
34850,0.575263,1
34900,0.572461,1
34950,0.578118,1
35000,0.57486,1
35050,0.565961,1
35100,0.568823,1
35150,0.577032,1
35200,0.581027,1
35250,0.582023,1
35300,0.595363,1
35350,0.601878,1
35400,0.608504,1
35450,0.606325,1
35500,0.614927,1
35550,0.624396,1
35600,0.623586,1
35650,0.611821,1
35700,0.606925,1
35750,0.618401,1
35800,0.628799,1
35850,0.622896,1
35900,0.613218,1
35950,0.614042,1
36000,0.612101,1
36050,0.60747,1
36100,0.600785,1
36150,0.601657,1
36200,0.608664,1
36250,0.611404,1
36300,0.603632,1
36350,0.600105,1
36400,0.601347,1
36450,0.599864,1
36500,0.588991,1
36550,0.584248,1
36600,0.59314,1
36650,0.59466,1
36700,0.585693,1
36750,0.580572,1
36800,0.582501,1
36850,0.587313,1
36900,0.588692,1
36950,0.58983,1
37000,0.59394,1
37050,0.606136,1
37100,0.609745,1
37150,0.610602,1
37200,0.620985,1
37250,0.634251,1
37300,0.635035,1
37350,0.628563,1
37400,0.62216,1
37450,0.622629,1
37500,0.621397,1
37550,0.621525,1
37600,0.618096,1
37650,0.619215,1
37700,0.621744,1
37750,0.617218,1
37800,0.620997,1
37850,0.633016,1
37900,0.626221,1
37950,0.619031,1
38000,0.621453,1
38050,0.617979,1
38100,0.614823,1
38150,0.620284,1
38200,0.614946,1
38250,0.606535,1
38300,0.609658,1
38350,0.607473,1
38400,0.611702,1
38450,0.616367,1
38500,0.623881,1
38550,0.616391,1
38600,0.609254,1
38650,0.608407,1
38700,0.603018,1
38750,0.604043,1
38800,0.612181,1
38850,0.604361,1
38900,0.598002,1
38950,0.599641,1
39000,0.598137,1
39050,0.591951,1
39100,0.589375,1
39150,0.589199,1
39200,0.587062,1
39250,0.580043,1
39300,0.586843,1
39350,0.593566,1
39400,0.601113,1
39450,0.600053,1
39500,0.597984,1
39550,0.588932,1
39600,0.585753,1
39650,0.597281,1
39700,0.599092,1
39750,0.590031,1
39800,0.59267,1
39850,0.585758,1
39900,0.57493,1
39950,0.576305,1
40000,0.582033,1
40050,0.577973,1
40100,0.571091,1
40150,0.573602,1
40200,0.56589,1
40250,0.557737,1
40300,0.560964,1
40350,0.555942,1
40400,0.549624,1
40450,0.552818,1
40500,0.553472,1
40550,0.545669,1
40600,0.538217,1
40650,0.534826,1
40700,0.538759,1
40750,0.541371,1
40800,0.534583,1
40850,0.543175,1
40900,0.544147,1
40950,0.538759,1
41000,0.531773,1
41050,0.541284,1
41100,0.545168,1
41150,0.542216,1
41200,0.53829,1
41250,0.538876,1
41300,0.54241,1
41350,0.541076,1
41400,0.532904,1
41450,0.532029,1
41500,0.535848,1
41550,0.532925,1
41600,0.524794,1
41650,0.526448,1
41700,0.531524,1
41750,0.534236,1
41800,0.531101,1
41850,0.539062,1
41900,0.55239,1
41950,0.556778,1
42000,0.551686,1
42050,0.554185,1
42100,0.557103,1
42150,0.552273,1
42200,0.553264,1
42250,0.550775,1
42300,0.554328,1
42350,0.554538,1
42400,0.541249,1
42450,0.537391,1
42500,0.538085,1
42550,0.540566,1
42600,0.536458,1
42650,0.541132,1
42700,0.546771,1
42750,0.545759,1
42800,0.534051,1
42850,0.531864,1
42900,0.538327,1
42950,0.538033,1
43000,0.527503,1
43050,0.530137,1
43100,0.53252,1
43150,0.538818,1
43200,0.533212,1
43250,0.526949,1
43300,0.528022,1
43350,0.530888,1
43400,0.533322,1
43450,0.533567,1
43500,0.542539,1
43550,0.550229,1
43600,0.550512,1
43650,0.541208,1
43700,0.542262,1
43750,0.542654,1
43800,0.542322,1
43850,0.53399,1
43900,0.535872,1
43950,0.548777,1
44000,0.549328,1
44050,0.541631,1
44100,0.542565,1
44150,0.556497,1
44200,0.558615,1
44250,0.552216,1
44300,0.557899,1
44350,0.558262,1
44400,0.556161,1
44450,0.548538,1
44500,0.547931,1
44550,0.554686,1
44600,0.554791,1
44650,0.547446,1
44700,0.544459,1
44750,0.548512,1
44800,0.547896,1
44850,0.544432,1
44900,0.538273,1
44950,0.546082,1
45000,0.549138,1
45050,0.545205,1
45100,0.541022,1
45150,0.539537,1
45200,0.547732,1
45250,0.545547,1
45300,0.542498,1
45350,0.543615,1
45400,0.545176,1
45450,0.539948,1
45500,0.540826,1
45550,0.542951,1
45600,0.536089,1
45650,0.53574,1
45700,0.54782,1
45750,0.546413,1
45800,0.546952,1
45850,0.553133,1
45900,0.552879,1
45950,0.554336,1
46000,0.564324,1
46050,0.5601,1
46100,0.553,1
46150,0.552975,1
46200,0.553055,1
46250,0.555054,1
46300,0.556702,1
46350,0.555739,1
46400,0.548862,1
46450,0.545216,1
46500,0.548325,1
46550,0.546778,1
46600,0.547967,1
46650,0.553722,1
46700,0.552536,1
46750,0.549159,1
46800,0.550003,1
46850,0.553869,1
46900,0.551467,1
46950,0.561852,1
47000,0.566441,1
47050,0.560333,1
47100,0.554516,1
47150,0.555877,1
47200,0.552433,1
47250,0.548288,1
47300,0.549966,1
47350,0.547025,1
47400,0.542308,1
47450,0.537638,1
47500,0.541412,1
47550,0.54318,1
47600,0.55288,1
47650,0.555159,1
47700,0.552616,1
47750,0.549133,1
47800,0.54498,1
47850,0.544375,1
47900,0.53794,1
47950,0.530247,1
48000,0.532809,1
48050,0.528182,1
48100,0.523197,1
48150,0.527461,1
48200,0.532353,1
48250,0.532036,1
48300,0.532522,1
48350,0.535248,1
48400,0.544721,1
48450,0.551038,1
48500,0.54507,1
48550,0.543384,1
48600,0.546645,1
48650,0.547331,1
48700,0.538688,1
48750,0.537499,1
48800,0.541348,1
48850,0.542736,1
48900,0.535599,1
48950,0.530057,1
49000,0.538593,1
49050,0.542274,1
49100,0.532598,1
49150,0.526507,1
49200,0.529711,1
49250,0.526025,1
49300,0.516231,1
49350,0.512402,1
49400,0.516737,1
49450,0.512525,1
49500,0.505506,1
49550,0.508155,1
49600,0.523575,1
49650,0.526252,1
49700,0.513617,1
49750,0.512766,1
49800,0.518516,1
49850,0.518946,1
49900,0.507638,1
49950,0.501293,1
50000,0.501933,1
50050,0.503051,1
50100,0.496376,1
50150,0.495762,1
50200,0.494736,1
50250,0.496479,1
50300,0.492626,1
50350,0.506108,1
50400,0.520409,1
50450,0.522235,1
50500,0.514216,1
50550,0.509495,1
50600,0.517319,1
50650,0.524665,1
50700,0.528999,1
50750,0.525889,1
50800,0.537583,1
50850,0.545882,1
50900,0.551741,1
50950,0.550401,1
51000,0.550209,1
51050,0.556129,1
51100,0.554441,1
51150,0.544272,1
51200,0.551509,1
51250,0.554531,1
51300,0.55885,1
51350,0.55101,1
51400,0.549115,1
51450,0.555087,1
51500,0.556783,1
51550,0.550521,1
51600,0.543717,1
51650,0.544087,1
51700,0.545656,1
51750,0.540963,1
51800,0.532739,1
51850,0.53264,1
51900,0.534105,1
51950,0.531,1
52000,0.525628,1
52050,0.526313,1
52100,0.530252,1
52150,0.531199,1
52200,0.528092,1
52250,0.529719,1
52300,0.534425,1
52350,0.532908,1
52400,0.528395,1
52450,0.523958,1
52500,0.527003,1
52550,0.528494,1
52600,0.526505,1
52650,0.524489,1
52700,0.529764,1
52750,0.537563,1
52800,0.533203,1
52850,0.534338,1
52900,0.548464,1
52950,0.543318,1
53000,0.539608,1
53050,0.551583,1
53100,0.557026,1
53150,0.566196,1
53200,0.575532,1
53250,0.576432,1
53300,0.571142,1
53350,0.574376,1
53400,0.576224,1
53450,0.570883,1
53500,0.570077,1
53550,0.571383,1
53600,0.566461,1
53650,0.566257,1
53700,0.571625,1
53750,0.568431,1
53800,0.562375,1
53850,0.562712,1
53900,0.559646,1
53950,0.551992,1
54000,0.552704,1
54050,0.551977,1
54100,0.545653,1
54150,0.550062,1
54200,0.56083,1
54250,0.560998,1
54300,0.558393,1
54350,0.56074,1
54400,0.558416,1
54450,0.552852,1
54500,0.554217,1
54550,0.55262,1
54600,0.545234,1
54650,0.541324,1
54700,0.542521,1
54750,0.534601,1
54800,0.527954,1
54850,0.527768,1
54900,0.522906,1
54950,0.520671,1
55000,0.522417,1
55050,0.526146,1
55100,0.529034,1
55150,0.530221,1
55200,0.541058,1
55250,0.536993,1
55300,0.53086,1
55350,0.529036,1
55400,0.530795,1
55450,0.52461,1
55500,0.519024,1
55550,0.524452,1
55600,0.530261,1
55650,0.520558,1
55700,0.519535,1
55750,0.520727,1
55800,0.52917,1
55850,0.52712,1
55900,0.523144,1
55950,0.529403,1
56000,0.534551,1
56050,0.530496,1
56100,0.527606,1
56150,0.530482,1
56200,0.530184,1
56250,0.522062,1
56300,0.518641,1
56350,0.519876,1
56400,0.518689,1
56450,0.512042,1
56500,0.512737,1
56550,0.523842,1
56600,0.527247,1
56650,0.518675,1
56700,0.519943,1
56750,0.520924,1
56800,0.516731,1
56850,0.50385,1
56900,0.501512,1
56950,0.502153,1
57000,0.499749,1
57050,0.488511,1
57100,0.484836,1
57150,0.489548,1
57200,0.492612,1
57250,0.486858,1
57300,0.486732,1
57350,0.48877,1
57400,0.495236,1
57450,0.489899,1
57500,0.487677,1
57550,0.492228,1
57600,0.49306,1
57650,0.492484,1
57700,0.492367,1
57750,0.498589,1
57800,0.501783,1
57850,0.493885,1
57900,0.48876,1
57950,0.489187,1
58000,0.494918,1
58050,0.49208,1
58100,0.490154,1
58150,0.495203,1
58200,0.500929,1
58250,0.496636,1
58300,0.485406,1
58350,0.487746,1
58400,0.492476,1
58450,0.493536,1
58500,0.4842,1
58550,0.483968,1
58600,0.493788,1
58650,0.497324,1
58700,0.484991,1
58750,0.480673,1
58800,0.487877,1
58850,0.492729,1
58900,0.496269,1
58950,0.493609,1
59000,0.49649,1
59050,0.50297,1
59100,0.504294,1
59150,0.493454,1
59200,0.492623,1
59250,0.492812,1
59300,0.488279,1
59350,0.481138,1
59400,0.489742,1
59450,0.496258,1
59500,0.490998,1
59550,0.480396,1
59600,0.477551,1
59650,0.478864,1
59700,0.474544,1
59750,0.476134,1
59800,0.480603,1
59850,0.488483,1
59900,0.491816,1
59950,0.489469,1
60000,0.486737,1
60050,0.498249,1
60100,0.509988,1
60150,0.517196,1
60200,0.511277,1
60250,0.51344,1
60300,0.524054,1
60350,0.521173,1
60400,0.524375,1
60450,0.534031,1
60500,0.536147,1
60550,0.533002,1
60600,0.533537,1
60650,0.534342,1
60700,0.547782,1
60750,0.553729,1
60800,0.559199,1
60850,0.556777,1
60900,0.557431,1
60950,0.557899,1
61000,0.555805,1
61050,0.557036,1
61100,0.565155,1
61150,0.563917,1
61200,0.558474,1
61250,0.561668,1
61300,0.566198,1
61350,0.572954,1
61400,0.579613,1
61450,0.582949,1
61500,0.584206,1
61550,0.586764,1
61600,0.59948,1
61650,0.594299,1
61700,0.586007,1
61750,0.588808,1
61800,0.58001,1
61850,0.572509,1
61900,0.573955,1
61950,0.5731,1
62000,0.573882,1
62050,0.570578,1
62100,0.569494,1
62150,0.5761,1
62200,0.574049,1
62250,0.574944,1
62300,0.571965,1
62350,0.566836,1
62400,0.567294,1
62450,0.564929,1
62500,0.559054,1
62550,0.559242,1
62600,0.557545,1
62650,0.549279,1
62700,0.543266,1
62750,0.544616,1
62800,0.542866,1
62850,0.536561,1
62900,0.53578,1
62950,0.540341,1
63000,0.545391,1
63050,0.545141,1
63100,0.54727,1
63150,0.545603,1
63200,0.54699,1
63250,0.559821,1
63300,0.566555,1
63350,0.572622,1
63400,0.575676,1
63450,0.58166,1
63500,0.593388,1
63550,0.601265,1
63600,0.59457,1
63650,0.586443,1
63700,0.585692,1
63750,0.579011,1
63800,0.567999,1
63850,0.569136,1
63900,0.577269,1
63950,0.583691,1
64000,0.577823,1
64050,0.579133,1
64100,0.58538,1
64150,0.58266,1
64200,0.571612,1
64250,0.569675,1
64300,0.570701,1
64350,0.566928,1
64400,0.559418,1
64450,0.559889,1
64500,0.572619,1
64550,0.567561,1
64600,0.566405,1
64650,0.571646,1
64700,0.577446,1
64750,0.583184,1
64800,0.574466,1
64850,0.570158,1
64900,0.576041,1
64950,0.575456,1
65000,0.564994,1
65050,0.560452,1
65100,0.565421,1
65150,0.57109,1
65200,0.568964,1
65250,0.568474,1
65300,0.570578,1
65350,0.572665,1
65400,0.565864,1
65450,0.561233,1
65500,0.569808,1
65550,0.571663,1
65600,0.569486,1
65650,0.570641,1
65700,0.571263,1
65750,0.573961,1
65800,0.571791,1
65850,0.568489,1
65900,0.576365,1
65950,0.585257,1
66000,0.583885,1
66050,0.571403,1
66100,0.574173,1
66150,0.58152,1
66200,0.580158,1
66250,0.578331,1
66300,0.572383,1
66350,0.575587,1
66400,0.577164,1
66450,0.575944,1
66500,0.574805,1
66550,0.575201,1
66600,0.575736,1
66650,0.567983,1
66700,0.561806,1
66750,0.567143,1
66800,0.572755,1
66850,0.576237,1
66900,0.575278,1
66950,0.574439,1
67000,0.576679,1
67050,0.57745,1
67100,0.575694,1
67150,0.57181,1
67200,0.57362,1
67250,0.57908,1
67300,0.569329,1
67350,0.569261,1
67400,0.571471,1
67450,0.576259,1
67500,0.568795,1
67550,0.56044,1
67600,0.567431,1
67650,0.571553,1
67700,0.575543,1
67750,0.571116,1
67800,0.581469,1
67850,0.586024,1
67900,0.583789,1
67950,0.58764,1
68000,0.598877,1
68050,0.604406,1
68100,0.602037,1
68150,0.603143,1
68200,0.598682,1
68250,0.589342,1
68300,0.589699,1
68350,0.595943,1
68400,0.587999,1
68450,0.591422,1
68500,0.589456,1
68550,0.579881,1
68600,0.578564,1
68650,0.576509,1
68700,0.571064,1
68750,0.574732,1
68800,0.581812,1
68850,0.577353,1
68900,0.575007,1
68950,0.581525,1
69000,0.583829,1
69050,0.579678,1
69100,0.583863,1
69150,0.586114,1
69200,0.579643,1
69250,0.586101,1
69300,0.592001,1
69350,0.586595,1
69400,0.587022,1
69450,0.596103,1
69500,0.588949,1
69550,0.584214,1
69600,0.583305,1
69650,0.581032,1
69700,0.573355,1
69750,0.573564,1
69800,0.583084,1
69850,0.580919,1
69900,0.573125,1
69950,0.574591,1
70000,0.570577,1
70050,0.563356,1
70100,0.564654,1
70150,0.56455,1
70200,0.558446,1
70250,0.552647,1
70300,0.556836,1
70350,0.553293,1
70400,0.546216,1
70450,0.546129,1
70500,0.551004,1
70550,0.552674,1
70600,0.553697,1
70650,0.558935,1
70700,0.552289,1
70750,0.543302,1
70800,0.545875,1
70850,0.554265,1
70900,0.563463,1
70950,0.568291,1
71000,0.572193,1
71050,0.574522,1
71100,0.571296,1
71150,0.560169,1
71200,0.558608,1
71250,0.562362,1
71300,0.559436,1
71350,0.5541,1
71400,0.549453,1
71450,0.555183,1
71500,0.556487,1
71550,0.543846,1
71600,0.545339,1
71650,0.556497,1
71700,0.556448,1
71750,0.544407,1
71800,0.541107,1
71850,0.54981,1
71900,0.555639,1
71950,0.557001,1
72000,0.55974,1
72050,0.56179,1
72100,0.556996,1
72150,0.547717,1
72200,0.554819,1
72250,0.566951,1
72300,0.56176,1
72350,0.549532,1
72400,0.552833,1
72450,0.558408,1
72500,0.561627,1
72550,0.556727,1
72600,0.549326,1
72650,0.549974,1
72700,0.548241,1
72750,0.540954,1
72800,0.534176,1
72850,0.539003,1
72900,0.54676,1
72950,0.537439,1
73000,0.532158,1
73050,0.537322,1
73100,0.540809,1
73150,0.533985,1
73200,0.530035,1
73250,0.534295,1
73300,0.537932,1
73350,0.533892,1
73400,0.526179,1
73450,0.531756,1
73500,0.53902,1
73550,0.533278,1
73600,0.534297,1
73650,0.544112,1
73700,0.550971,1
73750,0.548377,1
73800,0.538539,1
73850,0.548022,1
73900,0.558868,1
73950,0.559785,1
74000,0.555368,1
74050,0.553403,1
74100,0.555474,1
74150,0.555325,1
74200,0.548528,1
74250,0.547341,1
74300,0.549442,1
74350,0.563661,1
74400,0.56803,1
74450,0.567414,1
74500,0.567335,1
74550,0.568917,1
74600,0.562805,1
74650,0.559239,1
74700,0.563481,1
74750,0.568616,1
74800,0.562434,1
74850,0.557083,1
74900,0.563832,1
74950,0.578552,1
75000,0.579534,1
75050,0.570177,1
75100,0.565384,1
75150,0.562145,1
75200,0.562364,1
75250,0.569107,1
75300,0.564248,1
75350,0.570262,1
75400,0.582347,1
75450,0.581236,1
75500,0.586506,1
75550,0.594737,1
75600,0.592887,1
75650,0.588915,1
75700,0.59205,1
75750,0.589975,1
75800,0.590392,1
75850,0.593457,1
75900,0.601017,1
75950,0.60455,1
76000,0.608335,1
76050,0.60583,1
76100,0.597733,1
76150,0.597897,1
76200,0.597132,1
76250,0.594198,1
76300,0.59122,1
76350,0.595735,1
76400,0.591802,1
76450,0.595762,1
76500,0.603296,1
76550,0.597992,1
76600,0.593359,1
76650,0.598831,1
76700,0.596999,1
76750,0.592421,1
76800,0.593255,1
76850,0.595817,1
76900,0.588458,1
76950,0.591387,1
77000,0.597566,1
77050,0.594076,1
77100,0.585257,1
77150,0.58813,1
77200,0.586845,1
77250,0.580047,1
77300,0.579303,1
77350,0.57902,1
77400,0.571039,1
77450,0.56375,1
77500,0.568852,1
77550,0.577347,1
77600,0.579993,1
77650,0.581307,1
77700,0.58171,1
77750,0.576135,1
77800,0.569535,1
77850,0.575686,1
77900,0.588358,1
77950,0.581946,1
78000,0.584781,1
78050,0.587207,1
78100,0.585173,1
78150,0.57917,1
78200,0.581393,1
78250,0.577441,1
78300,0.571284,1
78350,0.570434,1
78400,0.57124,1
78450,0.575227,1
78500,0.581744,1
78550,0.587969,1
78600,0.596805,1
78650,0.596605,1
78700,0.588148,1
78750,0.583375,1
78800,0.584701,1
78850,0.582563,1
78900,0.576354,1
78950,0.574276,1
79000,0.574477,1
79050,0.568284,1
79100,0.562578,1
79150,0.56315,1
79200,0.562815,1
79250,0.56493,1
79300,0.572614,1
79350,0.577844,1
79400,0.584135,1
79450,0.58168,1
79500,0.584985,1
79550,0.584761,1
79600,0.59505,1
79650,0.600532,1
79700,0.594735,1
79750,0.589837,1
79800,0.592561,1
79850,0.593115,1
79900,0.594043,1
79950,0.589039,1
80000,0.589113,1
80050,0.585041,1
80100,0.576727,1
80150,0.579556,1
80200,0.584643,1
80250,0.580429,1
80300,0.572143,1
80350,0.57863,1
80400,0.57984,1
80450,0.578937,1
80500,0.566111,1
80550,0.569839,1
80600,0.576877,1
80650,0.57729,1
80700,0.567742,1
80750,0.561975,1
80800,0.566269,1
80850,0.567088,1
80900,0.568527,1
80950,0.566601,1
81000,0.576032,1
81050,0.581223,1
81100,0.57755,1
81150,0.572144,1
81200,0.57656,1
81250,0.574377,1
81300,0.570559,1
81350,0.560859,1
81400,0.565746,1
81450,0.574901,1
81500,0.570368,1
81550,0.55678,1
81600,0.557864,1
81650,0.565049,1
81700,0.563908,1
81750,0.558582,1
81800,0.563622,1
81850,0.572082,1
81900,0.568434,1
81950,0.562713,1
82000,0.559754,1
82050,0.564533,1
82100,0.566539,1
82150,0.563771,1
82200,0.556305,1
82250,0.550516,1
82300,0.557298,1
82350,0.556811,1
82400,0.549848,1
82450,0.552987,1
82500,0.562452,1
82550,0.560216,1
82600,0.560667,1
82650,0.563697,1
82700,0.561324,1
82750,0.561394,1
82800,0.558319,1
82850,0.548954,1
82900,0.554805,1
82950,0.561965,1
83000,0.558977,1
83050,0.560442,1
83100,0.567045,1
83150,0.569549,1
83200,0.561184,1
83250,0.565701,1
83300,0.563614,1
83350,0.555945,1
83400,0.558645,1
83450,0.568402,1
83500,0.568674,1
83550,0.568162,1
83600,0.56728,1
83650,0.559771,1
83700,0.556319,1
83750,0.556456,1
83800,0.550743,1
83850,0.548387,1
83900,0.554279,1
83950,0.54838,1
84000,0.541514,1
84050,0.541897,1
84100,0.537186,1
84150,0.528174,1
84200,0.52831,1
84250,0.526173,1
84300,0.522254,1
84350,0.526399,1
84400,0.53041,1
84450,0.523228,1
84500,0.52417,1
84550,0.525626,1
84600,0.519397,1
84650,0.513262,1
84700,0.513054,1
84750,0.51674,1
84800,0.516455,1
84850,0.513929,1
84900,0.518307,1
84950,0.51379,1
85000,0.514992,1
85050,0.519868,1
85100,0.514962,1
85150,0.506965,1
85200,0.508066,1
85250,0.506944,1
85300,0.498709,1
85350,0.49323,1
85400,0.497977,1
85450,0.493608,1
85500,0.48605,1
85550,0.481657,1
85600,0.482186,1
85650,0.484569,1
85700,0.483073,1
85750,0.484407,1
85800,0.49925,1
85850,0.490489,1
85900,0.489473,1
85950,0.497169,1
86000,0.499918,1
86050,0.506497,1
86100,0.504968,1
86150,0.508223,1
86200,0.508987,1
86250,0.501563,1
86300,0.506905,1
86350,0.515701,1
86400,0.519779,1
86450,0.51988,1
86500,0.520298,1
86550,0.52061,1
86600,0.522877,1
86650,0.519059,1
86700,0.512369,1
86750,0.510825,1
86800,0.511132,1
86850,0.504868,1
86900,0.501263,1
86950,0.502876,1
87000,0.501827,1
87050,0.495156,1
87100,0.499237,1
87150,0.502908,1
87200,0.50386,1
87250,0.493,1
87300,0.487913,1
87350,0.492092,1
87400,0.493137,1
87450,0.483629,1
87500,0.487411,1
87550,0.495551,1
87600,0.49857,1
87650,0.495537,1
87700,0.493883,1
87750,0.49932,1
87800,0.506649,1
87850,0.504025,1
87900,0.516031,1
87950,0.521218,1
88000,0.527014,1
88050,0.525866,1
88100,0.521028,1
88150,0.522493,1
88200,0.526505,1
88250,0.526839,1
88300,0.523729,1
88350,0.528227,1
88400,0.53228,1
88450,0.531282,1
88500,0.52151,1
88550,0.519268,1
88600,0.519843,1
88650,0.513989,1
88700,0.506484,1
88750,0.516781,1
88800,0.517856,1
88850,0.512696,1
88900,0.5061,1
88950,0.512402,1
89000,0.52301,1
89050,0.527805,1
89100,0.519932,1
89150,0.522038,1
89200,0.531266,1
89250,0.537024,1
89300,0.522496,1
89350,0.520003,1
89400,0.522655,1
89450,0.523125,1
89500,0.517899,1
89550,0.512313,1
89600,0.518136,1
89650,0.517028,1
89700,0.511243,1
89750,0.50648,1
89800,0.512987,1
89850,0.514433,1
89900,0.513259,1
89950,0.50749,1
90000,0.520776,1
90050,0.536837,1
90100,0.549199,1
90150,0.551539,1
90200,0.547851,1
90250,0.548691,1
90300,0.552898,1
90350,0.548838,1
90400,0.538013,1
90450,0.548593,1
90500,0.561135,1
90550,0.557264,1
90600,0.556179,1
90650,0.562769,1
90700,0.561006,1
90750,0.550839,1
90800,0.557815,1
90850,0.557805,1
90900,0.554092,1
90950,0.55913,1
91000,0.560867,1
91050,0.553637,1
91100,0.559525,1
91150,0.562545,1
91200,0.55851,1
91250,0.559549,1
91300,0.559848,1
91350,0.554235,1
91400,0.553251,1
91450,0.562594,1
91500,0.563282,1
91550,0.562679,1
91600,0.562639,1
91650,0.555851,1
91700,0.550968,1
91750,0.556135,1
91800,0.556504,1
91850,0.553994,1
91900,0.557594,1
91950,0.559348,1
92000,0.554937,1
92050,0.554184,1
92100,0.560705,1
92150,0.563457,1
92200,0.552523,1
92250,0.551691,1
92300,0.556962,1
92350,0.547901,1
92400,0.5455,1
92450,0.5484,1
92500,0.542621,1
92550,0.53451,1
92600,0.536413,1
92650,0.531168,1
92700,0.523687,1
92750,0.53106,1
92800,0.538052,1
92850,0.53044,1
92900,0.526471,1
92950,0.534797,1
93000,0.529852,1
93050,0.519542,1
93100,0.520794,1
93150,0.517416,1
93200,0.515849,1
93250,0.512924,1
93300,0.514665,1
93350,0.507015,1
93400,0.496467,1
93450,0.495232,1
93500,0.496706,1
93550,0.501172,1
93600,0.504676,1
93650,0.504358,1
93700,0.50578,1
93750,0.500534,1
93800,0.490984,1
93850,0.490715,1
93900,0.499902,1
93950,0.497543,1
94000,0.502546,1
94050,0.511683,1
94100,0.511259,1
94150,0.509175,1
94200,0.501224,1
94250,0.505064,1
94300,0.506283,1
94350,0.503567,1
94400,0.496144,1
94450,0.505305,1
94500,0.5079,1
94550,0.502763,1
94600,0.492547,1
94650,0.4921,1
94700,0.494267,1
94750,0.491896,1
94800,0.483131,1
94850,0.485815,1
94900,0.504016,1
94950,0.511514,1
95000,0.499504,1
95050,0.496045,1
95100,0.49567,1
95150,0.489737,1
95200,0.483207,1
95250,0.482981,1
95300,0.484695,1
95350,0.484444,1
95400,0.474252,1
95450,0.47875,1
95500,0.483458,1
95550,0.482122,1
95600,0.47104,1
95650,0.475536,1
95700,0.490045,1
95750,0.496937,1
95800,0.486577,1
95850,0.488732,1
95900,0.494425,1
95950,0.498971,1
96000,0.507598,1
96050,0.510089,1
96100,0.515822,1
96150,0.513738,1
96200,0.504586,1
96250,0.503692,1
96300,0.508501,1
96350,0.506351,1
96400,0.494923,1
96450,0.500821,1
96500,0.506682,1
96550,0.5117,1
96600,0.508639,1
96650,0.501824,1
96700,0.504383,1
96750,0.505627,1
96800,0.503897,1
96850,0.501434,1
96900,0.507548,1
96950,0.515585,1
97000,0.522299,1
97050,0.522571,1
97100,0.527603,1
97150,0.536405,1
97200,0.539487,1
97250,0.535166,1
97300,0.532854,1
97350,0.533376,1
97400,0.53172,1
97450,0.525166,1
97500,0.516931,1
97550,0.516776,1
97600,0.518638,1
97650,0.515353,1
97700,0.507961,1
97750,0.50733,1
97800,0.509702,1
97850,0.508803,1
97900,0.499765,1
97950,0.50037,1
98000,0.507991,1
98050,0.512064,1
98100,0.516893,1
98150,0.519882,1
98200,0.52426,1
98250,0.521702,1
98300,0.521017,1
98350,0.523999,1
98400,0.520477,1
98450,0.517815,1
98500,0.518082,1
98550,0.513063,1
98600,0.511052,1
98650,0.525334,1
98700,0.52652,1
98750,0.520392,1
98800,0.522874,1
98850,0.525367,1
98900,0.527815,1
98950,0.532569,1
99000,0.529062,1
99050,0.521652,1
99100,0.524151,1
99150,0.529498,1
99200,0.531002,1
99250,0.536364,1
99300,0.54367,1
99350,0.542648,1
99400,0.542651,1
99450,0.542665,1
99500,0.535856,1
99550,0.532459,1
99600,0.535839,1
99650,0.534621,1
99700,0.532088,1
99750,0.537598,1
99800,0.550575,1
99850,0.550862,1
99900,0.551285,1
99950,0.558126,1
100000,0.555991,1
100050,0.558186,1
100100,0.558565,1
100150,0.560333,1
100200,0.557895,1
100250,0.558169,1
100300,0.559839,1
100350,0.557062,1
100400,0.555963,1
100450,0.562355,1
100500,0.560463,1
100550,0.553583,1
100600,0.550019,1
100650,0.552011,1
100700,0.544791,1
100750,0.539014,1
100800,0.540945,1
100850,0.538549,1
100900,0.530382,1
100950,0.532637,1
101000,0.541785,1
101050,0.552888,1
101100,0.562037,1
101150,0.556166,1
101200,0.561112,1
101250,0.56966,1
101300,0.566203,1
101350,0.566709,1
101400,0.575823,1
101450,0.577821,1
101500,0.570534,1
101550,0.563413,1
101600,0.560646,1
101650,0.564539,1
101700,0.5618,1
101750,0.552274,1
101800,0.556716,1
101850,0.563716,1
101900,0.558499,1
101950,0.561929,1
102000,0.565747,1
102050,0.574361,1
102100,0.578383,1
102150,0.568886,1
102200,0.571819,1
102250,0.575233,1
102300,0.574171,1
102350,0.570628,1
102400,0.578605,1
102450,0.583748,1
102500,0.580847,1
102550,0.571155,1
102600,0.569434,1
102650,0.57037,1
102700,0.563211,1
102750,0.549902,1
102800,0.54899,1
102850,0.550091,1
102900,0.543914,1
102950,0.534545,1
103000,0.539239,1
103050,0.544332,1
103100,0.540653,1
103150,0.536482,1
103200,0.54409,1
103250,0.555152,1
103300,0.551932,1
103350,0.545423,1
103400,0.550305,1
103450,0.553789,1
103500,0.555693,1
103550,0.541535,1
103600,0.537494,1
103650,0.540738,1
103700,0.544796,1
103750,0.532565,1
103800,0.525869,1
103850,0.527785,1
103900,0.538817,1
103950,0.530405,1
104000,0.528141,1
104050,0.535853,1
104100,0.538184,1
104150,0.529025,1
104200,0.521061,1
104250,0.522982,1
104300,0.521642,1
104350,0.515581,1
104400,0.512532,1
104450,0.522238,1
104500,0.539639,1
104550,0.545165,1
104600,0.53812,1
104650,0.538344,1
104700,0.539083,1
104750,0.553934,1
104800,0.555216,1
104850,0.555518,1
104900,0.558463,1
104950,0.566001,1
105000,0.567055,1
105050,0.569402,1
105100,0.570739,1
105150,0.567603,1
105200,0.557389,1
105250,0.560522,1
105300,0.566185,1
105350,0.564603,1
105400,0.557928,1
105450,0.553148,1
105500,0.556969,1
105550,0.5606,1
105600,0.55781,1
105650,0.557237,1
105700,0.558947,1
105750,0.553157,1
105800,0.550728,1
105850,0.553671,1
105900,0.549209,1
105950,0.543493,1
106000,0.549462,1
106050,0.5462,1
106100,0.540102,1
106150,0.543185,1
106200,0.542632,1
106250,0.535253,1
106300,0.536931,1
106350,0.536928,1
106400,0.536898,1
106450,0.539418,1
106500,0.547604,1
106550,0.552292,1
106600,0.545167,1
106650,0.545613,1
106700,0.541491,1
106750,0.535282,1
106800,0.53483,1
106850,0.534904,1
106900,0.530444,1
106950,0.532683,1
107000,0.538392,1
107050,0.542279,1
107100,0.545207,1
107150,0.546941,1
107200,0.541403,1
107250,0.53999,1
107300,0.547699,1
107350,0.553675,1
107400,0.563225,1
107450,0.567437,1
107500,0.576789,1
107550,0.578365,1
107600,0.577061,1
107650,0.581254,1
107700,0.582153,1
107750,0.572722,1
107800,0.572461,1
107850,0.573508,1
107900,0.581918,1
107950,0.576478,1
108000,0.583354,1
108050,0.58292,1
108100,0.58018,1
108150,0.580106,1
108200,0.57672,1
108250,0.584624,1
108300,0.589365,1
108350,0.596809,1
108400,0.587868,1
108450,0.579969,1
108500,0.583422,1
108550,0.588129,1
108600,0.58924,1
108650,0.581219,1
108700,0.581416,1
108750,0.584622,1
108800,0.582444,1
108850,0.571891,1
108900,0.569004,1
